appName,startTime_Sonar,Sonar,resultSonarAnalysis,Audit_Date,ToPassSonar,SonarTest,startTime_Fortify,forfify_security_test,fortify_security_high,fortify_security_critical,ToPassFortify,FortifyTest,startTime_Trivy,trivy_security_test,trivy_security_high,trivy_security_critical,ToPassTrivy,TrivyTest
ACUERDOSFDFR_SCE,2024-09-17T14:23:32.317,,,2024-09-20,False,KO,2024-09-17T14:23:32.317,,0.0,0.0,False,OK,2024-09-17T14:23:32.317,,0.0,0.0,False,OK
Consumption.Cache,2024-09-20T11:03:38.007,,,2024-09-27,False,KO,2024-09-20T11:03:38.007,no,0.0,0.0,True,OK,2024-09-20T11:03:38.007,,0.0,0.0,False,OK
Consumption.CommunicationsTraces,2024-09-03T14:35:03,,,2024-09-06,False,KO,2024-09-03T14:35:03,no,0.0,0.0,True,OK,2024-09-03T14:35:03,,0.0,0.0,False,OK
Consumption.DataAccess.Postgres,2024-09-03T13:01:11,,,2024-09-06,False,KO,2024-09-03T13:01:11,no,0.0,0.0,True,OK,2024-09-03T13:01:11,,0.0,0.0,False,OK
Consumption.DataAccess.iSeries,2024-09-20T11:07:15.38,,,2024-09-27,False,KO,2024-09-20T11:07:15.38,no,0.0,0.0,True,OK,2024-09-20T11:07:15.38,,0.0,0.0,False,OK
Consumption.LogManager,2024-09-03T15:12:27,,,2024-09-06,False,KO,2024-09-03T15:12:27,no,0.0,0.0,True,OK,2024-09-03T15:12:27,,0.0,0.0,False,OK
Consumption.StatesEvents,2024-09-05T09:43:45,,,2024-09-13,False,KO,2024-09-05T09:43:45,no,0.0,0.0,True,OK,2024-09-05T09:43:45,,0.0,0.0,False,OK
Consumption.TagValidation,2024-09-20T12:09:28.843,,,2024-09-27,False,KO,2024-09-20T12:09:28.843,no,0.0,0.0,True,OK,2024-09-20T12:09:28.843,,0.0,0.0,False,OK
SCE_CONTRWEB_BLL,2024-09-03T11:35:33,,,2024-09-06,False,KO,2024-09-03T11:35:33,,0.0,0.0,False,OK,2024-09-03T11:35:33,,0.0,0.0,False,OK
SCE_MIDWEBCONTRATA,2024-09-02T11:34:40,,,2024-09-06,False,KO,2024-09-02T11:34:40,,0.0,0.0,False,OK,2024-09-02T11:34:40,,0.0,0.0,False,OK
SCE_RECONODEUDA,2024-09-10T10:28:24,,,2024-09-13,False,KO,2024-09-10T10:28:24,,0.0,0.0,False,OK,2024-09-10T10:28:24,,0.0,0.0,False,OK
SCE_ROUTINGSERVICE_APL,2024-09-05T09:57:00,,,2024-09-13,False,KO,2024-09-05T09:57:00,,0.0,0.0,False,OK,2024-09-05T09:57:00,,0.0,0.0,False,OK
SCE_ROUTINGSERVICE_TKO,2024-09-02T17:03:11,,,2024-09-06,False,KO,2024-09-02T17:03:11,,0.0,0.0,False,OK,2024-09-02T17:03:11,,0.0,0.0,False,OK
SCE_SIMULADORAUTO,2024-09-10T14:23:13,,,2024-09-13,False,KO,2024-09-10T14:23:13,,0.0,0.0,False,OK,2024-09-10T14:23:13,,0.0,0.0,False,OK
SCE_SIMULADORAUTO_APL,2024-09-05T10:05:09,,,2024-09-13,False,KO,2024-09-05T10:05:09,,0.0,0.0,False,OK,2024-09-05T10:05:09,,0.0,0.0,False,OK
SCE_WEBPRV_TKO,2024-09-13T13:35:03.54,,,2024-09-20,False,KO,2024-09-13T13:35:03.54,,0.0,0.0,False,OK,2024-09-13T13:35:03.54,,0.0,0.0,False,OK
SCE_WEBSOC_NEW,2024-09-19T09:27:10.363,,,2024-09-27,False,KO,2024-09-19T09:27:10.363,,0.0,0.0,False,OK,2024-09-19T09:27:10.363,,0.0,0.0,False,OK
SCE_WSRVTESLA,2024-09-02T15:21:50,,,2024-09-06,False,KO,2024-09-02T15:21:50,,0.0,0.0,False,OK,2024-09-02T15:21:50,,0.0,0.0,False,OK
SCE_WSRVTESLA_APL,2024-09-05T10:38:41,,,2024-09-13,False,KO,2024-09-05T10:38:41,,0.0,0.0,False,OK,2024-09-05T10:38:41,,0.0,0.0,False,OK
TPVCOMOTP_SCE,2024-09-13T11:57:38.093,,,2024-09-20,False,KO,2024-09-13T11:57:38.093,,0.0,0.0,False,OK,2024-09-13T11:57:38.093,,0.0,0.0,False,OK
ademma-authorization-server,2024-09-03T14:26:51,,,2024-09-06,False,KO,2024-09-03T14:26:51,,0.0,0.0,False,OK,2024-09-03T14:26:51,,0.0,0.0,False,OK
ademma-document-db-group-resource,2024-08-30T10:54:55,,,2024-09-06,False,KO,2024-08-30T10:54:55,,0.0,0.0,False,OK,2024-08-30T10:54:55,,0.0,0.0,False,OK
ademma-gateway,2024-09-02T13:15:24,,,2024-09-06,False,KO,2024-09-02T13:15:24,no,0.0,0.0,True,OK,2024-09-02T13:15:24,,0.0,0.0,False,OK
ademma-gateway-config,2024-09-03T16:26:52,,,2024-09-06,False,KO,2024-09-03T16:26:52,,0.0,0.0,False,OK,2024-09-03T16:26:52,,0.0,0.0,False,OK
ademma-personalization,2024-08-30T10:55:21,,,2024-09-06,False,KO,2024-08-30T10:55:21,,0.0,0.0,False,OK,2024-08-30T10:55:21,,0.0,0.0,False,OK
ademma-security-saml2-oauth2-authorization-server,2024-09-03T13:07:57,,,2024-09-06,False,KO,2024-09-03T13:07:57,,0.0,0.0,False,OK,2024-09-03T13:07:57,,0.0,0.0,False,OK
apifiles-alertas,2024-09-02T13:21:20,,,2024-09-06,False,KO,2024-09-02T13:21:20,,0.0,0.0,False,OK,2024-09-02T13:21:20,,0.0,0.0,False,OK
apifiles-estructural,2024-08-30T11:19:11,,,2024-09-06,False,KO,2024-08-30T11:19:11,no,0.0,0.0,True,OK,2024-08-30T11:19:11,,0.0,0.0,False,OK
apifiles-estructural-ext,2024-09-13T13:05:43.283,,,2024-09-20,False,KO,2024-09-13T13:05:43.283,no,0.0,0.0,True,OK,2024-09-13T13:05:43.283,,0.0,0.0,False,OK
apifiles-estructural-gen,2024-09-02T12:53:06,,,2024-09-06,False,KO,2024-09-02T12:53:06,,0.0,0.0,False,OK,2024-09-02T12:53:06,,0.0,0.0,False,OK
apifiles-stagings,2024-09-13T10:22:55.11,,,2024-09-20,False,KO,2024-09-13T10:22:55.11,,0.0,0.0,False,OK,2024-09-13T10:22:55.11,,0.0,0.0,False,OK
apifiles-stagings-ext,2024-09-13T13:04:38.39,,,2024-09-20,False,KO,2024-09-13T13:04:38.39,no,0.0,0.0,True,OK,2024-09-13T13:04:38.39,,0.0,0.0,False,OK
apifiles-stagings-gen,2024-09-13T14:49:12.287,,,2024-09-20,False,KO,2024-09-13T14:49:12.287,no,0.0,0.0,True,OK,2024-09-13T14:49:12.287,,0.0,0.0,False,OK
apifiles-views,2024-09-02T13:06:28,,,2024-09-06,False,KO,2024-09-02T13:06:28,,0.0,0.0,False,OK,2024-09-02T13:06:28,,0.0,0.0,False,OK
apiportal_apigee_back,2024-09-03T09:58:05,,,2024-09-06,False,KO,2024-09-03T09:58:05,,0.0,0.0,False,OK,2024-09-03T09:58:05,,0.0,0.0,False,OK
apiportal_auth,2024-09-03T09:15:42,True,SUCCESS,2024-09-06,True,SUCCESS,2024-09-03T09:15:42,,0.0,0.0,False,OK,2024-09-03T09:15:42,,0.0,0.0,False,OK
apiportal_cms_back,2024-09-02T14:16:55,,,2024-09-06,False,KO,2024-09-02T14:16:55,,0.0,0.0,False,OK,2024-09-02T14:16:55,,0.0,0.0,False,OK
apiportal_front,2024-09-02T13:32:29,,,2024-09-06,False,KO,2024-09-02T13:32:29,yes,0.0,0.0,True,OK,2024-09-02T13:32:29,,0.0,0.0,False,OK
apiportal_s3,2024-09-03T09:29:15,,,2024-09-06,False,KO,2024-09-03T09:29:15,,0.0,0.0,False,OK,2024-09-03T09:29:15,,0.0,0.0,False,OK
asb-core,2024-09-06T15:44:36,,,2024-09-13,False,KO,2024-09-06T15:44:36,,0.0,0.0,False,OK,2024-09-06T15:44:36,,0.0,0.0,False,OK
asb-frontend,2024-09-05T14:15:28,,,2024-09-13,False,KO,2024-09-05T14:15:28,,0.0,0.0,False,OK,2024-09-05T14:15:28,,0.0,0.0,False,OK
asb-jobs,2024-09-05T18:02:40,,,2024-09-13,False,KO,2024-09-05T18:02:40,,0.0,0.0,False,OK,2024-09-05T18:02:40,,0.0,0.0,False,OK
asb-refreshing-config-store,2024-09-24T09:24:26.99,,,2024-09-27,False,KO,2024-09-24T09:24:26.99,,0.0,0.0,False,OK,2024-09-24T09:24:26.99,,0.0,0.0,False,OK
asb-scheduler,2024-09-06T13:23:43,,,2024-09-13,False,KO,2024-09-06T13:23:43,yes,0.0,0.0,True,OK,2024-09-06T13:23:43,,0.0,0.0,False,OK
asb-scheduler-core-lib,2024-09-06T13:23:36,,,2024-09-13,False,KO,2024-09-06T13:23:36,,0.0,0.0,False,OK,2024-09-06T13:23:36,,0.0,0.0,False,OK
asb-scheduler-eks,2024-09-03T22:16:19,,,2024-09-06,False,KO,2024-09-03T22:16:19,,0.0,0.0,False,OK,2024-09-03T22:16:19,,0.0,0.0,False,OK
asb-services,2024-09-16T09:51:39.57,,,2024-09-20,False,KO,2024-09-16T09:51:39.57,,0.0,0.0,False,OK,2024-09-16T09:51:39.57,,0.0,0.0,False,OK
asb-sitemapper,2024-08-29T13:16:56,,,2024-09-06,False,KO,2024-08-29T13:16:56,no,0.0,0.0,True,OK,2024-08-29T13:16:56,,0.0,0.0,False,OK
asb-sitemapper-eks,2024-09-03T22:23:09,,,2024-09-06,False,KO,2024-09-03T22:23:09,,0.0,0.0,False,OK,2024-09-03T22:23:09,,0.0,0.0,False,OK
clrc-aws-dags,2024-09-20T10:28:30.393,,,2024-09-27,False,KO,2024-09-20T10:28:30.393,,0.0,0.0,False,OK,2024-09-20T10:28:30.393,,0.0,0.0,False,OK
clrc-aws-engine,2024-09-20T11:00:40.717,,,2024-09-27,False,KO,2024-09-20T11:00:40.717,,0.0,0.0,False,OK,2024-09-20T11:00:40.717,,0.0,0.0,False,OK
cms-santander-cgs,2024-08-29T09:34:51,,,2024-09-06,False,KO,2024-08-29T09:34:51,yes,0.0,0.0,True,OK,2024-08-29T09:34:51,,0.0,0.0,False,OK
compliancegs-common-dto-entities,2024-09-10T13:22:41,,,2024-09-13,False,KO,2024-09-10T13:22:41,yes,0.0,0.0,True,OK,2024-09-10T13:22:41,,0.0,0.0,False,OK
compliancegs-common-utilities,2024-09-10T15:14:37,,,2024-09-13,False,KO,2024-09-10T15:14:37,yes,0.0,0.0,True,OK,2024-09-10T15:14:37,,0.0,0.0,False,OK
compliancegs-customer-risk-connector,2024-09-10T12:19:30,,,2024-09-13,False,KO,2024-09-10T12:19:30,yes,0.0,0.0,True,OK,2024-09-10T12:19:30,,0.0,0.0,False,OK
compliancegs-customer-risk-facade,2024-09-10T10:33:33,,,2024-09-13,False,KO,2024-09-10T10:33:33,yes,0.0,0.0,True,OK,2024-09-10T10:33:33,,0.0,0.0,False,OK
compliancegs-kyc-score,2024-09-10T16:54:46,,,2024-09-13,False,KO,2024-09-10T16:54:46,yes,0.0,0.0,True,OK,2024-09-10T16:54:46,,0.0,0.0,False,OK
consumption.apiProposal,2024-09-10T16:39:16,,,2024-09-13,False,KO,2024-09-10T16:39:16,no,0.0,0.0,True,OK,2024-09-10T16:39:16,,0.0,0.0,False,OK
contact-center-portal,2024-09-06T11:09:07,,,2024-09-13,False,KO,2024-09-06T11:09:07,yes,0.0,0.0,True,OK,2024-09-06T11:09:07,,0.0,0.0,False,OK
daas-ai-mlops,2024-09-09T11:31:29,,,2024-09-13,False,KO,2024-09-09T11:31:29,,0.0,0.0,False,OK,2024-09-09T11:31:29,,0.0,0.0,False,OK
drupal,2024-08-29T12:19:12,,,2024-09-06,False,KO,2024-08-29T12:19:12,no,0.0,0.0,True,OK,2024-08-29T12:19:12,,0.0,0.0,False,OK
eks-configmap-general-aop,2024-09-05T11:53:31,,,2024-09-13,False,KO,2024-09-05T11:53:31,,0.0,0.0,False,OK,2024-09-05T11:53:31,,0.0,0.0,False,OK
enews-appian,2024-09-16T09:18:35.82,,,2024-09-20,False,KO,2024-09-16T09:18:35.82,no,0.0,0.0,True,OK,2024-09-16T09:18:35.82,,0.0,0.0,False,OK
exp-customer,2024-09-23T13:51:06.393,,,2024-09-27,False,KO,2024-09-23T13:51:06.393,no,0.0,0.0,True,OK,2024-09-23T13:51:06.393,,0.0,0.0,False,OK
exp-powerbi-OTD,2024-09-24T17:07:31.877,True,SUCCESS,2024-09-27,True,SUCCESS,2024-09-24T17:07:31.877,,0.0,0.0,False,OK,2024-09-24T17:07:31.877,,0.0,0.0,False,OK
exp-powerbi-captives-self,2024-09-16T13:36:25.34,True,SUCCESS,2024-09-20,True,SUCCESS,2024-09-16T13:36:25.34,,0.0,0.0,False,OK,2024-09-16T13:36:25.34,,0.0,0.0,False,OK
exp-powerbi-cronos,2024-09-02T17:23:58,True,SUCCESS,2024-09-06,True,SUCCESS,2024-09-02T17:23:58,,0.0,0.0,False,OK,2024-09-02T17:23:58,,0.0,0.0,False,OK
exp-powerbi-dfr,2024-09-23T10:40:40.597,True,SUCCESS,2024-09-27,True,SUCCESS,2024-09-23T10:40:40.597,,0.0,0.0,False,OK,2024-09-23T10:40:40.597,,0.0,0.0,False,OK
exp-powerbi-matriculaciones,2024-09-03T12:50:41,True,SUCCESS,2024-09-06,True,SUCCESS,2024-09-03T12:50:41,,0.0,0.0,False,OK,2024-09-03T12:50:41,,0.0,0.0,False,OK
exp-powerbi-model-risk,2024-09-10T15:52:08,True,SUCCESS,2024-09-13,True,SUCCESS,2024-09-10T15:52:08,,0.0,0.0,False,OK,2024-09-10T15:52:08,,0.0,0.0,False,OK
exp-qliksense-alm,2024-09-12T09:35:41.593,,,2024-09-20,False,KO,2024-09-12T09:35:41.593,no,0.0,0.0,True,OK,2024-09-12T09:35:41.593,,0.0,0.0,False,OK
exp-qliksense-alm-aws,2024-09-12T09:22:24.767,,,2024-09-20,False,KO,2024-09-12T09:22:24.767,no,0.0,0.0,True,OK,2024-09-12T09:22:24.767,,0.0,0.0,False,OK
f1-portal-dockerized,2024-09-03T10:57:15,,,2024-09-06,False,KO,2024-09-03T10:57:15,yes,0.0,0.0,True,OK,2024-09-03T10:57:15,,0.0,0.0,False,OK
f1-santander-eks-asset-download,2024-09-02T09:26:25,,,2024-09-06,False,KO,2024-09-02T09:26:25,,0.0,0.0,False,OK,2024-09-02T09:26:25,,0.0,0.0,False,OK
f1-santander-eks-config,2024-09-03T22:01:38,,,2024-09-06,False,KO,2024-09-03T22:01:38,,0.0,0.0,False,OK,2024-09-03T22:01:38,,0.0,0.0,False,OK
f1-santander-eks-service-audit-trail,2024-09-17T15:20:34.62,,,2024-09-20,False,KO,2024-09-17T15:20:34.62,,0.0,0.0,False,OK,2024-09-17T15:20:34.62,,0.0,0.0,False,OK
f1-santander-eks-service-image,2024-09-03T22:24:42,,,2024-09-06,False,KO,2024-09-03T22:24:42,,0.0,0.0,False,OK,2024-09-03T22:24:42,,0.0,0.0,False,OK
f1-santander-eks-service-mobile,2024-09-03T22:39:45,,,2024-09-06,False,KO,2024-09-03T22:39:45,,0.0,0.0,False,OK,2024-09-03T22:39:45,,0.0,0.0,False,OK
f1-santander-eks-service-mono,2024-09-03T22:07:42,,,2024-09-06,False,KO,2024-09-03T22:07:42,,0.0,0.0,False,OK,2024-09-03T22:07:42,,0.0,0.0,False,OK
f1-santander-eks-service-pdf,2024-09-17T15:20:34.62,,,2024-09-20,False,KO,2024-09-17T15:20:34.62,,0.0,0.0,False,OK,2024-09-17T15:20:34.62,,0.0,0.0,False,OK
f1-santander-eks-service-safe-house,2024-09-09T16:36:33,,,2024-09-13,False,KO,2024-09-09T16:36:33,,0.0,0.0,False,OK,2024-09-09T16:36:33,,0.0,0.0,False,OK
f1-santander-eks-service-vehicle-search,2024-09-23T15:25:35.49,,,2024-09-27,False,KO,2024-09-23T15:25:35.49,,0.0,0.0,False,OK,2024-09-23T15:25:35.49,,0.0,0.0,False,OK
f1-utils,2024-09-05T09:42:35,,,2024-09-13,False,KO,2024-09-05T09:42:35,,0.0,0.0,False,OK,2024-09-05T09:42:35,,0.0,0.0,False,OK
f1-wabi-static-assets,2024-09-03T22:16:11,,,2024-09-06,False,KO,2024-09-03T22:16:11,,0.0,0.0,False,OK,2024-09-03T22:16:11,,0.0,0.0,False,OK
fd-service-asset-download,2024-09-17T10:38:46.54,,,2024-09-20,False,KO,2024-09-17T10:38:46.54,no,0.0,0.0,True,OK,2024-09-17T10:38:46.54,,0.0,0.0,False,OK
fd-service-audit-trail,2024-09-17T15:54:15.027,,,2024-09-20,False,KO,2024-09-17T15:54:15.027,yes,0.0,0.0,True,OK,2024-09-17T15:54:15.027,,0.0,0.0,False,OK
fd-service-image,2024-09-19T12:45:19.793,,,2024-09-27,False,KO,2024-09-19T12:45:19.793,,0.0,0.0,False,OK,2024-09-19T12:45:19.793,,0.0,0.0,False,OK
fd-service-mobile,2024-09-03T11:10:55,,,2024-09-06,False,KO,2024-09-03T11:10:55,yes,0.0,0.0,True,OK,2024-09-03T11:10:55,,0.0,0.0,False,OK
fd-service-mono,2024-09-03T10:57:12,,,2024-09-06,False,KO,2024-09-03T10:57:12,yes,0.0,0.0,True,OK,2024-09-03T10:57:12,,0.0,0.0,False,OK
fd-service-notifications,2024-09-23T14:40:41.657,,,2024-09-27,False,KO,2024-09-23T14:40:41.657,,0.0,0.0,False,OK,2024-09-23T14:40:41.657,,0.0,0.0,False,OK
fd-service-pdf,2024-09-17T15:54:15.043,,,2024-09-20,False,KO,2024-09-17T15:54:15.043,yes,0.0,0.0,True,OK,2024-09-17T15:54:15.043,,0.0,0.0,False,OK
fd-service-vehicle-search,2024-09-20T13:52:51.043,,,2024-09-27,False,KO,2024-09-20T13:52:51.043,,0.0,0.0,False,OK,2024-09-20T13:52:51.043,,0.0,0.0,False,OK
gateway,2024-09-19T16:47:06.033,,,2024-09-27,False,KO,2024-09-19T16:47:06.033,no,0.0,0.0,True,OK,2024-09-19T16:47:06.033,,0.0,0.0,False,OK
global-etl,2024-09-06T13:05:47,True,SUCCESS,2024-09-13,True,SUCCESS,2024-09-06T13:05:47,,0.0,0.0,False,OK,2024-09-06T13:05:47,,0.0,0.0,False,OK
global-etl-notebooks,2024-09-05T13:21:57,,,2024-09-13,False,KO,2024-09-05T13:21:57,yes,0.0,0.0,True,OK,2024-09-05T13:21:57,,0.0,0.0,False,OK
hedge-aws-dags,2024-09-23T10:48:37.65,,,2024-09-27,False,KO,2024-09-23T10:48:37.65,,0.0,0.0,False,OK,2024-09-23T10:48:37.65,,0.0,0.0,False,OK
hedge-aws-notebooks,2024-08-29T13:44:34,,,2024-09-06,False,KO,2024-08-29T13:44:34,yes,0.0,0.0,True,OK,2024-08-29T13:44:34,,0.0,0.0,False,OK
hq-portal-corp,2024-08-29T11:09:33,,,2024-09-06,False,KO,2024-08-29T11:09:33,no,0.0,0.0,True,OK,2024-08-29T11:09:33,,0.0,0.0,False,OK
hqdids-aws-notebooks,2024-09-03T10:56:42,,,2024-09-06,False,KO,2024-09-03T10:56:42,,0.0,0.0,False,OK,2024-09-03T10:56:42,,0.0,0.0,False,OK
index-manager,2024-09-16T16:46:00.603,,,2024-09-20,False,KO,2024-09-16T16:46:00.603,,0.0,0.0,False,OK,2024-09-16T16:46:00.603,,0.0,0.0,False,OK
index-manager-eks,2024-09-03T23:07:28,,,2024-09-06,False,KO,2024-09-03T23:07:28,,0.0,0.0,False,OK,2024-09-03T23:07:28,,0.0,0.0,False,OK
liquibase-aurora-postgres,2024-08-29T11:25:05,,,2024-09-06,False,KO,2024-08-29T11:25:05,,0.0,0.0,False,OK,2024-08-29T11:25:05,,0.0,0.0,False,OK
liquibase-demo-postgresql,2024-09-24T17:41:04.907,,,2024-09-27,False,KO,2024-09-24T17:41:04.907,,0.0,0.0,False,OK,2024-09-24T17:41:04.907,,0.0,0.0,False,OK
micro-react-wh-cancellation,2024-09-05T13:01:04,,,2024-09-13,False,KO,2024-09-05T13:01:04,,0.0,0.0,False,OK,2024-09-05T13:01:04,,0.0,0.0,False,OK
micro-react-wh-customers,2024-09-02T09:05:23,,,2024-09-06,False,KO,2024-09-02T09:05:23,,0.0,0.0,False,OK,2024-09-02T09:05:23,,0.0,0.0,False,OK
micro-react-wh-dealer-portal-dashboard,2024-09-06T11:20:07,,,2024-09-13,False,KO,2024-09-06T11:20:07,yes,0.0,0.0,True,OK,2024-09-06T11:20:07,,0.0,0.0,False,OK
micro-react-wh-direct-debit,2024-09-05T10:34:33,,,2024-09-13,False,KO,2024-09-05T10:34:33,yes,0.0,0.0,True,OK,2024-09-05T10:34:33,,0.0,0.0,False,OK
micro-react-wh-diversas,2024-09-06T15:44:45,,,2024-09-13,False,KO,2024-09-06T15:44:45,yes,0.0,0.0,True,OK,2024-09-06T15:44:45,,0.0,0.0,False,OK
micro-react-wh-duplicated-alerts,2024-09-06T09:02:42,True,SUCCESS,2024-09-13,True,SUCCESS,2024-09-06T09:02:42,,0.0,0.0,False,OK,2024-09-06T09:02:42,,0.0,0.0,False,OK
micro-react-wh-fines-management,2024-09-05T10:07:29,,,2024-09-13,False,KO,2024-09-05T10:07:29,yes,0.0,0.0,True,OK,2024-09-05T10:07:29,,0.0,0.0,False,OK
micro-react-wh-insurance-cancellation,2024-09-02T12:08:12,,,2024-09-06,False,KO,2024-09-02T12:08:12,,0.0,0.0,False,OK,2024-09-02T12:08:12,,0.0,0.0,False,OK
micro-react-wh-loans,2024-08-29T08:40:33,,,2024-09-06,False,KO,2024-08-29T08:40:33,,0.0,0.0,False,OK,2024-08-29T08:40:33,,0.0,0.0,False,OK
micro-react-wh-notes,2024-09-02T10:43:32,,,2024-09-06,False,KO,2024-09-02T10:43:32,,0.0,0.0,False,OK,2024-09-02T10:43:32,,0.0,0.0,False,OK
micro-react-wh-remarketing-tesla,2024-09-05T14:20:39,,,2024-09-13,False,KO,2024-09-05T14:20:39,yes,0.0,0.0,True,OK,2024-09-05T14:20:39,,0.0,0.0,False,OK
micro-react-wh-reports,2024-09-06T15:43:25,,,2024-09-13,False,KO,2024-09-06T15:43:25,yes,0.0,0.0,True,OK,2024-09-06T15:43:25,,0.0,0.0,False,OK
micro-react-wh-router-france,2024-09-02T11:20:03,,,2024-09-06,False,KO,2024-09-02T11:20:03,,0.0,0.0,False,OK,2024-09-02T11:20:03,,0.0,0.0,False,OK
micro-react-wh-structural-organization,2024-09-06T15:45:31,,,2024-09-13,False,KO,2024-09-06T15:45:31,yes,0.0,0.0,True,OK,2024-09-06T15:45:31,,0.0,0.0,False,OK
ms-camel-wh-center-structural-organization,2024-09-04T08:01:49,,,2024-09-06,False,KO,2024-09-04T08:01:49,yes,0.0,0.0,True,OK,2024-09-04T08:01:49,,0.0,0.0,False,OK
ms-camel-wh-entity-structural-organization,2024-09-03T14:15:57,,,2024-09-06,False,KO,2024-09-03T14:15:57,,0.0,0.0,False,OK,2024-09-03T14:15:57,,0.0,0.0,False,OK
ms-camel-wh-rie-blacklist-feed,2024-09-02T09:57:24,,,2024-09-06,False,KO,2024-09-02T09:57:24,,0.0,0.0,False,OK,2024-09-02T09:57:24,,0.0,0.0,False,OK
ms-camel-wh-rie-i5,2024-08-30T16:23:57,,,2024-09-06,False,KO,2024-08-30T16:23:57,,0.0,0.0,False,OK,2024-08-30T16:23:57,,0.0,0.0,False,OK
ms-spb-wh-address,2024-09-02T15:34:42,,,2024-09-06,False,KO,2024-09-02T15:34:42,,0.0,0.0,False,OK,2024-09-02T15:34:42,,0.0,0.0,False,OK
ms-spb-wh-bills,2024-09-05T20:30:42,,,2024-09-13,False,KO,2024-09-05T20:30:42,,0.0,0.0,False,OK,2024-09-05T20:30:42,,0.0,0.0,False,OK
ms-spb-wh-collateral-chassis,2024-09-05T15:49:40,,,2024-09-13,False,KO,2024-09-05T15:49:40,,0.0,0.0,False,OK,2024-09-05T15:49:40,,0.0,0.0,False,OK
ms-spb-wh-contact,2024-09-02T15:35:06,,,2024-09-06,False,KO,2024-09-02T15:35:06,,0.0,0.0,False,OK,2024-09-02T15:35:06,,0.0,0.0,False,OK
ms-spb-wh-cus-duplicated-alerts,2024-09-05T18:56:51,,,2024-09-13,False,KO,2024-09-05T18:56:51,,0.0,0.0,False,OK,2024-09-05T18:56:51,,0.0,0.0,False,OK
ms-spb-wh-cus-duplicated-customer,2024-09-05T17:54:31,,,2024-09-13,False,KO,2024-09-05T17:54:31,,0.0,0.0,False,OK,2024-09-05T17:54:31,,0.0,0.0,False,OK
ms-spb-wh-cus-existing-customers,2024-09-05T18:38:28,,,2024-09-13,False,KO,2024-09-05T18:38:28,,0.0,0.0,False,OK,2024-09-05T18:38:28,,0.0,0.0,False,OK
ms-spb-wh-customer-data,2024-09-02T13:53:50,,,2024-09-06,False,KO,2024-09-02T13:53:50,,0.0,0.0,False,OK,2024-09-02T13:53:50,,0.0,0.0,False,OK
ms-spb-wh-customer-loan,2024-09-05T19:59:47,,,2024-09-13,False,KO,2024-09-05T19:59:47,,0.0,0.0,False,OK,2024-09-05T19:59:47,,0.0,0.0,False,OK
ms-spb-wh-customer-overview,2024-09-10T16:21:01,,,2024-09-13,False,KO,2024-09-10T16:21:01,,0.0,0.0,False,OK,2024-09-10T16:21:01,,0.0,0.0,False,OK
ms-spb-wh-customer-rating,2024-09-05T18:57:41,,,2024-09-13,False,KO,2024-09-05T18:57:41,,0.0,0.0,False,OK,2024-09-05T18:57:41,,0.0,0.0,False,OK
ms-spb-wh-customer-search,2024-09-05T19:59:57,,,2024-09-13,False,KO,2024-09-05T19:59:57,,0.0,0.0,False,OK,2024-09-05T19:59:57,,0.0,0.0,False,OK
ms-spb-wh-dealer-data,2024-09-10T16:05:51,,,2024-09-13,False,KO,2024-09-10T16:05:51,,0.0,0.0,False,OK,2024-09-10T16:05:51,,0.0,0.0,False,OK
ms-spb-wh-economical-tables-as400,2024-09-02T14:32:25,,,2024-09-06,False,KO,2024-09-02T14:32:25,,0.0,0.0,False,OK,2024-09-02T14:32:25,,0.0,0.0,False,OK
ms-spb-wh-formalization-translator,2024-09-02T17:11:40,,,2024-09-06,False,KO,2024-09-02T17:11:40,,0.0,0.0,False,OK,2024-09-02T17:11:40,,0.0,0.0,False,OK
ms-spb-wh-france-document-migration,2024-09-02T11:00:03,,,2024-09-06,False,KO,2024-09-02T11:00:03,,0.0,0.0,False,OK,2024-09-02T11:00:03,,0.0,0.0,False,OK
ms-spb-wh-general-tables,2024-09-02T16:29:37,,,2024-09-06,False,KO,2024-09-02T16:29:37,,0.0,0.0,False,OK,2024-09-02T16:29:37,,0.0,0.0,False,OK
ms-spb-wh-general-tables-as400,2024-09-03T07:48:32,,,2024-09-06,False,KO,2024-09-03T07:48:32,,0.0,0.0,False,OK,2024-09-03T07:48:32,,0.0,0.0,False,OK
ms-spb-wh-genesys-codification,2024-09-10T18:12:42,,,2024-09-13,False,KO,2024-09-10T18:12:42,,0.0,0.0,False,OK,2024-09-10T18:12:42,,0.0,0.0,False,OK
ms-spb-wh-genesys-general-tables,2024-09-10T17:05:05,,,2024-09-13,False,KO,2024-09-10T17:05:05,,0.0,0.0,False,OK,2024-09-10T17:05:05,,0.0,0.0,False,OK
ms-spb-wh-genesys-historic,2024-09-02T09:39:31,,,2024-09-06,False,KO,2024-09-02T09:39:31,,0.0,0.0,False,OK,2024-09-02T09:39:31,,0.0,0.0,False,OK
ms-spb-wh-genesys-ivr,2024-09-10T17:08:14,,,2024-09-13,False,KO,2024-09-10T17:08:14,,0.0,0.0,False,OK,2024-09-10T17:08:14,,0.0,0.0,False,OK
ms-spb-wh-insurance-cancellation,2024-09-05T22:44:14,,,2024-09-13,False,KO,2024-09-05T22:44:14,,0.0,0.0,False,OK,2024-09-05T22:44:14,,0.0,0.0,False,OK
ms-spb-wh-loan-cancellation,2024-09-05T19:15:16,,,2024-09-13,False,KO,2024-09-05T19:15:16,,0.0,0.0,False,OK,2024-09-05T19:15:16,,0.0,0.0,False,OK
ms-spb-wh-loan-contract-data,2024-09-05T17:11:13,,,2024-09-13,False,KO,2024-09-05T17:11:13,,0.0,0.0,False,OK,2024-09-05T17:11:13,,0.0,0.0,False,OK
ms-spb-wh-loan-contract-extension,2024-09-05T20:13:21,,,2024-09-13,False,KO,2024-09-05T20:13:21,,0.0,0.0,False,OK,2024-09-05T20:13:21,,0.0,0.0,False,OK
ms-spb-wh-loan-diversas,2024-09-05T18:16:05,,,2024-09-13,False,KO,2024-09-05T18:16:05,,0.0,0.0,False,OK,2024-09-05T18:16:05,,0.0,0.0,False,OK
ms-spb-wh-loan-docman,2024-09-02T10:52:33,,,2024-09-06,False,KO,2024-09-02T10:52:33,,0.0,0.0,False,OK,2024-09-02T10:52:33,,0.0,0.0,False,OK
ms-spb-wh-loan-enquiry,2024-09-02T13:26:19,,,2024-09-06,False,KO,2024-09-02T13:26:19,,0.0,0.0,False,OK,2024-09-02T13:26:19,,0.0,0.0,False,OK
ms-spb-wh-loan-export-csv,2024-09-24T17:16:31.437,,,2024-09-27,False,KO,2024-09-24T17:16:31.437,yes,0.0,0.0,True,OK,2024-09-24T17:16:31.437,,0.0,0.0,False,OK
ms-spb-wh-loan-features,2024-09-03T18:03:22,,,2024-09-06,False,KO,2024-09-03T18:03:22,,0.0,0.0,False,OK,2024-09-03T18:03:22,,0.0,0.0,False,OK
ms-spb-wh-loan-formalization,2024-09-05T17:15:53,,,2024-09-13,False,KO,2024-09-05T17:15:53,,0.0,0.0,False,OK,2024-09-05T17:15:53,,0.0,0.0,False,OK
ms-spb-wh-loan-formalization-extended-france,2024-09-05T17:15:36,,,2024-09-13,False,KO,2024-09-05T17:15:36,,0.0,0.0,False,OK,2024-09-05T17:15:36,,0.0,0.0,False,OK
ms-spb-wh-loan-notes,2024-09-03T18:07:37,,,2024-09-06,False,KO,2024-09-03T18:07:37,,0.0,0.0,False,OK,2024-09-03T18:07:37,,0.0,0.0,False,OK
ms-spb-wh-loan-simulation,2024-09-05T18:15:58,,,2024-09-13,False,KO,2024-09-05T18:15:58,,0.0,0.0,False,OK,2024-09-05T18:15:58,,0.0,0.0,False,OK
ms-spb-wh-loan-statements,2024-08-30T10:57:25,,,2024-09-06,False,KO,2024-08-30T10:57:25,yes,0.0,0.0,True,OK,2024-08-30T10:57:25,,0.0,0.0,False,OK
ms-spb-wh-location,2024-09-02T15:38:41,,,2024-09-06,False,KO,2024-09-02T15:38:41,,0.0,0.0,False,OK,2024-09-02T15:38:41,,0.0,0.0,False,OK
ms-spb-wh-personal-tables-as400,2024-09-02T18:12:20,,,2024-09-06,False,KO,2024-09-02T18:12:20,,0.0,0.0,False,OK,2024-09-02T18:12:20,,0.0,0.0,False,OK
ms-spb-wh-residual-value,2024-09-05T22:44:04,,,2024-09-13,False,KO,2024-09-05T22:44:04,,0.0,0.0,False,OK,2024-09-05T22:44:04,,0.0,0.0,False,OK
ms-spb-wh-rie-admission-data,2024-09-02T17:58:19,,,2024-09-06,False,KO,2024-09-02T17:58:19,,0.0,0.0,False,OK,2024-09-02T17:58:19,,0.0,0.0,False,OK
ms-spb-wh-rie-asnef,2024-08-30T12:30:29,,,2024-09-06,False,KO,2024-08-30T12:30:29,,0.0,0.0,False,OK,2024-08-30T12:30:29,,0.0,0.0,False,OK
ms-spb-wh-rie-authorization-token-dnb,2024-08-29T09:24:35,,,2024-09-06,False,KO,2024-08-29T09:24:35,,0.0,0.0,False,OK,2024-08-29T09:24:35,,0.0,0.0,False,OK
ms-spb-wh-rie-bank-of-france,2024-08-29T09:59:11,,,2024-09-06,False,KO,2024-08-29T09:59:11,,0.0,0.0,False,OK,2024-08-29T09:59:11,,0.0,0.0,False,OK
ms-spb-wh-rie-becris,2024-08-30T16:23:48,,,2024-09-06,False,KO,2024-08-30T16:23:48,,0.0,0.0,False,OK,2024-08-30T16:23:48,,0.0,0.0,False,OK
ms-spb-wh-rie-bkr,2024-08-29T10:30:02,,,2024-09-06,False,KO,2024-08-29T10:30:02,,0.0,0.0,False,OK,2024-08-29T10:30:02,,0.0,0.0,False,OK
ms-spb-wh-rie-blacklist,2024-09-02T12:50:28,,,2024-09-06,False,KO,2024-09-02T12:50:28,,0.0,0.0,False,OK,2024-09-02T12:50:28,,0.0,0.0,False,OK
ms-spb-wh-rie-bureaus-queries,2024-09-02T09:57:27,,,2024-09-06,False,KO,2024-09-02T09:57:27,,0.0,0.0,False,OK,2024-09-02T09:57:27,,0.0,0.0,False,OK
ms-spb-wh-rie-cirbe,2024-08-30T11:17:25,,,2024-09-06,False,KO,2024-08-30T11:17:25,,0.0,0.0,False,OK,2024-08-30T11:17:25,,0.0,0.0,False,OK
ms-spb-wh-rie-ckp,2024-09-02T15:54:51,,,2024-09-06,False,KO,2024-09-02T15:54:51,,0.0,0.0,False,OK,2024-09-02T15:54:51,,0.0,0.0,False,OK
ms-spb-wh-rie-comportamiento,2024-08-29T16:05:20,,,2024-09-06,False,KO,2024-08-29T16:05:20,,0.0,0.0,False,OK,2024-08-29T16:05:20,,0.0,0.0,False,OK
ms-spb-wh-rie-consumer-kafka,2024-08-30T16:23:52,,,2024-09-06,False,KO,2024-08-30T16:23:52,,0.0,0.0,False,OK,2024-08-30T16:23:52,,0.0,0.0,False,OK
ms-spb-wh-rie-crp,2024-09-23T10:07:55.04,,,2024-09-27,False,KO,2024-09-23T10:07:55.04,yes,0.0,0.0,True,OK,2024-09-23T10:07:55.04,,0.0,0.0,False,OK
ms-spb-wh-rie-cumplimiento,2024-08-30T11:17:36,,,2024-09-06,False,KO,2024-08-30T11:17:36,,0.0,0.0,False,OK,2024-08-30T11:17:36,,0.0,0.0,False,OK
ms-spb-wh-rie-db,2024-09-02T14:49:47,,,2024-09-06,False,KO,2024-09-02T14:49:47,,0.0,0.0,False,OK,2024-09-02T14:49:47,,0.0,0.0,False,OK
ms-spb-wh-rie-direct-and-durables,2024-08-29T11:01:13,,,2024-09-06,False,KO,2024-08-29T11:01:13,,0.0,0.0,False,OK,2024-08-29T11:01:13,,0.0,0.0,False,OK
ms-spb-wh-rie-dnb,2024-08-29T10:30:20,,,2024-09-06,False,KO,2024-08-29T10:30:20,,0.0,0.0,False,OK,2024-08-29T10:30:20,,0.0,0.0,False,OK
ms-spb-wh-rie-existing-client,2024-08-29T09:59:18,,,2024-09-06,False,KO,2024-08-29T09:59:18,,0.0,0.0,False,OK,2024-08-29T09:59:18,,0.0,0.0,False,OK
ms-spb-wh-rie-experian,2024-08-29T16:05:26,,,2024-09-06,False,KO,2024-08-29T16:05:26,,0.0,0.0,False,OK,2024-08-29T16:05:26,,0.0,0.0,False,OK
ms-spb-wh-rie-experiencia-propia,2024-08-30T12:30:27,,,2024-09-06,False,KO,2024-08-30T12:30:27,,0.0,0.0,False,OK,2024-08-30T12:30:27,,0.0,0.0,False,OK
ms-spb-wh-rie-fcp,2024-08-30T11:17:31,,,2024-09-06,False,KO,2024-08-30T11:17:31,,0.0,0.0,False,OK,2024-08-30T11:17:31,,0.0,0.0,False,OK
ms-spb-wh-rie-fino,2024-08-30T12:30:34,,,2024-09-06,False,KO,2024-08-30T12:30:34,,0.0,0.0,False,OK,2024-08-30T12:30:34,,0.0,0.0,False,OK
ms-spb-wh-rie-france-provenir-storage,2024-08-29T09:59:14,,,2024-09-06,False,KO,2024-08-29T09:59:14,,0.0,0.0,False,OK,2024-08-29T09:59:14,,0.0,0.0,False,OK
ms-spb-wh-rie-germany-provenir-storage,2024-09-13T14:18:59.333,,,2024-09-20,False,KO,2024-09-13T14:18:59.333,yes,0.0,0.0,True,OK,2024-09-13T14:18:59.333,,0.0,0.0,False,OK
ms-spb-wh-rie-i5,2024-09-02T09:57:29,,,2024-09-06,False,KO,2024-09-02T09:57:29,,0.0,0.0,False,OK,2024-09-02T09:57:29,,0.0,0.0,False,OK
ms-spb-wh-rie-informa,2024-08-30T11:17:18,,,2024-09-06,False,KO,2024-08-30T11:17:18,,0.0,0.0,False,OK,2024-08-30T11:17:18,,0.0,0.0,False,OK
ms-spb-wh-rie-informa-portugal,2024-09-12T12:24:48.253,,,2024-09-20,False,KO,2024-09-12T12:24:48.253,yes,0.0,0.0,True,OK,2024-09-12T12:24:48.253,,0.0,0.0,False,OK
ms-spb-wh-rie-logalty,2024-08-29T09:17:26,,,2024-09-06,False,KO,2024-08-29T09:17:26,,0.0,0.0,False,OK,2024-08-29T09:17:26,,0.0,0.0,False,OK
ms-spb-wh-rie-management-dealer-code-sasol,2024-08-29T16:05:23,,,2024-09-06,False,KO,2024-08-29T16:05:23,,0.0,0.0,False,OK,2024-08-29T16:05:23,,0.0,0.0,False,OK
ms-spb-wh-rie-mdr,2024-09-12T12:24:45.973,,,2024-09-20,False,KO,2024-09-12T12:24:45.973,yes,0.0,0.0,True,OK,2024-09-12T12:24:45.973,,0.0,0.0,False,OK
ms-spb-wh-rie-netherlands-provenir-storage,2024-08-29T10:30:07,,,2024-09-06,False,KO,2024-08-29T10:30:07,,0.0,0.0,False,OK,2024-08-29T10:30:07,,0.0,0.0,False,OK
ms-spb-wh-rie-pbc,2024-08-29T16:05:31,,,2024-09-06,False,KO,2024-08-29T16:05:31,,0.0,0.0,False,OK,2024-08-29T16:05:31,,0.0,0.0,False,OK
ms-spb-wh-rie-portugal-provenir-storage,2024-09-12T13:59:18.137,,,2024-09-20,False,KO,2024-09-12T13:59:18.137,yes,0.0,0.0,True,OK,2024-09-12T13:59:18.137,,0.0,0.0,False,OK
ms-spb-wh-rie-prospect,2024-08-30T16:23:50,,,2024-09-06,False,KO,2024-08-30T16:23:50,,0.0,0.0,False,OK,2024-08-30T16:23:50,,0.0,0.0,False,OK
ms-spb-wh-rie-provenir-person,2024-08-29T14:44:46,,,2024-09-06,False,KO,2024-08-29T14:44:46,,0.0,0.0,False,OK,2024-08-29T14:44:46,,0.0,0.0,False,OK
ms-spb-wh-rie-request-data-storage,2024-09-02T17:58:22,,,2024-09-06,False,KO,2024-09-02T17:58:22,,0.0,0.0,False,OK,2024-09-02T17:58:22,,0.0,0.0,False,OK
ms-spb-wh-rie-response-data-storage,2024-09-02T17:58:27,,,2024-09-06,False,KO,2024-09-02T17:58:27,,0.0,0.0,False,OK,2024-09-02T17:58:27,,0.0,0.0,False,OK
ms-spb-wh-rie-sasol-provenir-storage,2024-08-29T16:05:17,,,2024-09-06,False,KO,2024-08-29T16:05:17,,0.0,0.0,False,OK,2024-08-29T16:05:17,,0.0,0.0,False,OK
ms-spb-wh-rie-schufa,2024-09-23T10:07:50.913,,,2024-09-27,False,KO,2024-09-23T10:07:50.913,yes,0.0,0.0,True,OK,2024-09-23T10:07:50.913,,0.0,0.0,False,OK
ms-spb-wh-second-direct-debit,2024-09-05T21:27:15,,,2024-09-13,False,KO,2024-09-05T21:27:15,,0.0,0.0,False,OK,2024-09-05T21:27:15,,0.0,0.0,False,OK
ms-spb-wh-structural-organization-branch,2024-09-03T09:22:30,,,2024-09-06,False,KO,2024-09-03T09:22:30,,0.0,0.0,False,OK,2024-09-03T09:22:30,,0.0,0.0,False,OK
ms-spb-wh-structural-organization-center,2024-09-03T08:37:14,,,2024-09-06,False,KO,2024-09-03T08:37:14,,0.0,0.0,False,OK,2024-09-03T08:37:14,,0.0,0.0,False,OK
ms-spb-wh-structural-organization-entity,2024-09-02T17:37:48,,,2024-09-06,False,KO,2024-09-02T17:37:48,,0.0,0.0,False,OK,2024-09-02T17:37:48,,0.0,0.0,False,OK
ms-spb-wh-translator,2024-09-03T12:19:44,,,2024-09-06,False,KO,2024-09-03T12:19:44,,0.0,0.0,False,OK,2024-09-03T12:19:44,,0.0,0.0,False,OK
ms-spb-wh-vehicle-remarketing,2024-09-05T21:27:24,,,2024-09-13,False,KO,2024-09-05T21:27:24,,0.0,0.0,False,OK,2024-09-05T21:27:24,,0.0,0.0,False,OK
ms-spb-wh-wrapper-document-management,2024-08-30T11:00:34,,,2024-09-06,False,KO,2024-08-30T11:00:34,,0.0,0.0,False,OK,2024-08-30T11:00:34,,0.0,0.0,False,OK
nilo-sys-proposal,2024-09-02T13:30:44,,,2024-09-06,False,KO,2024-09-02T13:30:44,,0.0,0.0,False,OK,2024-09-02T13:30:44,,0.0,0.0,False,OK
node-18-base,2024-09-05T16:00:35,,,2024-09-13,False,KO,2024-09-05T16:00:35,no,0.0,0.0,True,OK,2024-09-05T16:00:35,,0.0,0.0,False,OK
node-22-base,2024-09-12T11:34:32.41,,,2024-09-20,False,KO,2024-09-12T11:34:32.41,no,0.0,0.0,True,OK,2024-09-12T11:34:32.41,,0.0,0.0,False,OK
oems-static-assets,2024-09-05T11:29:47,,,2024-09-13,False,KO,2024-09-05T11:29:47,,0.0,0.0,False,OK,2024-09-05T11:29:47,,0.0,0.0,False,OK
operational-portal,2024-09-06T14:03:16,,,2024-09-13,False,KO,2024-09-06T14:03:16,yes,0.0,0.0,True,OK,2024-09-06T14:03:16,,0.0,0.0,False,OK
pcs-alerts,2024-09-23T09:41:28.747,,,2024-09-27,False,KO,2024-09-23T09:41:28.747,no,0.0,0.0,True,OK,2024-09-23T09:41:28.747,,0.0,0.0,False,OK
pcs-finantialstatements,2024-09-05T16:26:16,,,2024-09-13,False,KO,2024-09-05T16:26:16,no,0.0,0.0,True,OK,2024-09-05T16:26:16,,0.0,0.0,False,OK
pcs-rating,2024-09-13T09:24:57.5,,,2024-09-20,False,KO,2024-09-13T09:24:57.5,no,0.0,0.0,True,OK,2024-09-13T09:24:57.5,,0.0,0.0,False,OK
php-pilot,2024-08-30T12:04:25,,,2024-09-06,False,KO,2024-08-30T12:04:25,no,0.0,0.0,True,OK,2024-08-30T12:04:25,,0.0,0.0,False,OK
postgre-db-as400-general-tables,2024-09-06T12:25:30,,,2024-09-13,False,KO,2024-09-06T12:25:30,,0.0,0.0,False,OK,2024-09-06T12:25:30,,0.0,0.0,False,OK
postgre-db-documents-france,2024-09-05T14:21:17,,,2024-09-13,False,KO,2024-09-05T14:21:17,,0.0,0.0,False,OK,2024-09-05T14:21:17,,0.0,0.0,False,OK
postgre-db-iseries-errors-translation,2024-09-24T11:12:55.46,,,2024-09-27,False,KO,2024-09-24T11:12:55.46,,0.0,0.0,False,OK,2024-09-24T11:12:55.46,,0.0,0.0,False,OK
postgre-db-router,2024-09-05T14:10:35,,,2024-09-13,False,KO,2024-09-05T14:10:35,,0.0,0.0,False,OK,2024-09-05T14:10:35,,0.0,0.0,False,OK
postgre-db-translator,2024-08-29T12:08:48,,,2024-09-06,False,KO,2024-08-29T12:08:48,,0.0,0.0,False,OK,2024-08-29T12:08:48,,0.0,0.0,False,OK
ridems-static-assets,2024-09-19T13:51:39.693,True,SUCCESS,2024-09-27,True,SUCCESS,2024-09-19T13:51:39.693,,0.0,0.0,False,OK,2024-09-19T13:51:39.693,,0.0,0.0,False,OK
santander-eks-microsites,2024-09-23T16:23:07.657,,,2024-09-27,False,KO,2024-09-23T16:23:07.657,,0.0,0.0,False,OK,2024-09-23T16:23:07.657,,0.0,0.0,False,OK
santander-eks-portal-dockerized,2024-09-03T22:58:57,,,2024-09-06,False,KO,2024-09-03T22:58:57,,0.0,0.0,False,OK,2024-09-03T22:58:57,,0.0,0.0,False,OK
santander-eks-webapp,2024-09-03T22:56:12,,,2024-09-06,False,KO,2024-09-03T22:56:12,,0.0,0.0,False,OK,2024-09-03T22:56:12,,0.0,0.0,False,OK
scbdep-aop-aml-control,2024-09-10T00:18:57,,,2024-09-13,False,KO,2024-09-10T00:18:57,,0.0,0.0,False,OK,2024-09-10T00:18:57,,0.0,0.0,False,OK
scbdep-aop-contract-confirmation,2024-09-02T15:22:48,,,2024-09-06,False,KO,2024-09-02T15:22:48,,0.0,0.0,False,OK,2024-09-02T15:22:48,,0.0,0.0,False,OK
scbdep-aop-create-application,2024-09-10T00:04:26,,,2024-09-13,False,KO,2024-09-10T00:04:26,,0.0,0.0,False,OK,2024-09-10T00:04:26,,0.0,0.0,False,OK
scbdep-aop-email,2024-09-02T15:38:50,,,2024-09-06,False,KO,2024-09-02T15:38:50,,0.0,0.0,False,OK,2024-09-02T15:38:50,,0.0,0.0,False,OK
scbdep-aop-event,2024-09-02T14:06:43,,,2024-09-06,False,KO,2024-09-02T14:06:43,,0.0,0.0,False,OK,2024-09-02T14:06:43,,0.0,0.0,False,OK
scbdep-aop-identity-verification,2024-09-03T08:57:49,,,2024-09-06,False,KO,2024-09-03T08:57:49,,0.0,0.0,False,OK,2024-09-03T08:57:49,,0.0,0.0,False,OK
scbdep-aop-prospect-information,2024-09-09T23:37:45,,,2024-09-13,False,KO,2024-09-09T23:37:45,,0.0,0.0,False,OK,2024-09-09T23:37:45,,0.0,0.0,False,OK
scbdep-aop-scheduler,2024-09-02T15:48:08,,,2024-09-06,False,KO,2024-09-02T15:48:08,,0.0,0.0,False,OK,2024-09-02T15:48:08,,0.0,0.0,False,OK
scbdep-aop-transaction-status,2024-09-03T16:05:53,,,2024-09-06,False,KO,2024-09-03T16:05:53,,0.0,0.0,False,OK,2024-09-03T16:05:53,,0.0,0.0,False,OK
scbdep-aop-webhook-notification,2024-09-03T09:38:02,,,2024-09-06,False,KO,2024-09-03T09:38:02,,0.0,0.0,False,OK,2024-09-03T09:38:02,,0.0,0.0,False,OK
scbdep-customer,2024-09-17T08:27:12.833,,,2024-09-20,False,KO,2024-09-17T08:27:12.833,,0.0,0.0,False,OK,2024-09-17T08:27:12.833,,0.0,0.0,False,OK
scbdep-marketing-consent,2024-09-24T09:11:14.343,True,SUCCESS,2024-09-27,True,SUCCESS,2024-09-24T09:11:14.343,,0.0,0.0,False,OK,2024-09-24T09:11:14.343,,0.0,0.0,False,OK
scbdep-nominated-account,2024-09-24T13:25:39.38,True,SUCCESS,2024-09-27,True,SUCCESS,2024-09-24T13:25:39.38,,0.0,0.0,False,OK,2024-09-24T13:25:39.38,,0.0,0.0,False,OK
scbdep-otp,2024-09-24T13:48:21.057,True,SUCCESS,2024-09-27,True,SUCCESS,2024-09-24T13:48:21.057,,0.0,0.0,False,OK,2024-09-24T13:48:21.057,,0.0,0.0,False,OK
scbdep-statistic,2024-09-24T13:38:21.273,True,SUCCESS,2024-09-27,True,SUCCESS,2024-09-24T13:38:21.273,,0.0,0.0,False,OK,2024-09-24T13:38:21.273,,0.0,0.0,False,OK
scbdep-term-deposit,2024-09-17T07:59:11.017,,,2024-09-20,False,KO,2024-09-17T07:59:11.017,,0.0,0.0,False,OK,2024-09-17T07:59:11.017,,0.0,0.0,False,OK
scbdep-version,2024-09-09T16:23:12,,,2024-09-13,False,KO,2024-09-09T16:23:12,no,0.0,0.0,True,OK,2024-09-09T16:23:12,,0.0,0.0,False,OK
sce-api-consumo-apisce_gstevtoscon-netframework,2024-09-03T12:30:15,,,2024-09-06,False,KO,2024-09-03T12:30:15,,0.0,0.0,False,OK,2024-09-03T12:30:15,,0.0,0.0,False,OK
sce-contr-consumo-contconsumo_sce-netframework,2024-09-03T12:49:41,,,2024-09-06,False,KO,2024-09-03T12:49:41,,0.0,0.0,False,OK,2024-09-03T12:49:41,,0.0,0.0,False,OK
sce-contr-consumo-sce_contconsum_revsdocum_middle-netframework,2024-09-03T13:22:09,,,2024-09-06,False,KO,2024-09-03T13:22:09,,0.0,0.0,False,OK,2024-09-03T13:22:09,,0.0,0.0,False,OK
sce-dealer-finance-apl-sce_dlffncws_apl,2024-09-19T10:15:30.483,,,2024-09-27,False,KO,2024-09-19T10:15:30.483,,0.0,0.0,False,OK,2024-09-19T10:15:30.483,,0.0,0.0,False,OK
sce-ecommerce-sce_contecomm_monitoring_middle-netframework,2024-09-10T13:05:42,,,2024-09-13,False,KO,2024-09-10T13:05:42,,0.0,0.0,False,OK,2024-09-10T13:05:42,,0.0,0.0,False,OK
sce-ecommerce-sce_contecomm_web-netframework,2024-09-10T12:43:49,,,2024-09-13,False,KO,2024-09-10T12:43:49,,0.0,0.0,False,OK,2024-09-10T12:43:49,,0.0,0.0,False,OK
sce-ecommerce-sce_contecomm_ws-netframework,2024-09-10T13:31:25,,,2024-09-13,False,KO,2024-09-10T13:31:25,,0.0,0.0,False,OK,2024-09-10T13:31:25,,0.0,0.0,False,OK
sce-gestdocumental-scegsd_robotics-netframework,2024-08-29T12:34:52,,,2024-09-06,False,KO,2024-08-29T12:34:52,,0.0,0.0,False,OK,2024-08-29T12:34:52,,0.0,0.0,False,OK
sce-web-de-socio-sce_sociost_api_verifidlogalty-netframework,2024-09-03T10:43:52,,,2024-09-06,False,KO,2024-09-03T10:43:52,,0.0,0.0,False,OK,2024-09-03T10:43:52,,0.0,0.0,False,OK
sce-web-de-socio-sce_websoc_new-netframework,2024-09-19T09:56:26.707,,,2024-09-27,False,KO,2024-09-19T09:56:26.707,,0.0,0.0,False,OK,2024-09-19T09:56:26.707,,0.0,0.0,False,OK
sce-wh-riesgos-westernhub-germany-eksconfig-provenir-defarm-eksconfig,2024-08-29T10:00:27,,,2024-09-06,False,KO,2024-08-29T10:00:27,,0.0,0.0,False,OK,2024-08-29T10:00:27,,0.0,0.0,False,OK
sce-wh-riesgos-westernhub-germany-provenir-amq-docker,2024-08-29T09:37:57,,,2024-09-06,False,KO,2024-08-29T09:37:57,,0.0,0.0,False,OK,2024-08-29T09:37:57,,0.0,0.0,False,OK
sce-wh-riesgos-westernhub-germany-provenir-engine-docker,2024-08-29T09:38:06,,,2024-09-06,False,KO,2024-08-29T09:38:06,,0.0,0.0,False,OK,2024-08-29T09:38:06,,0.0,0.0,False,OK
sce-wh-riesgos-westernhub-germany-provenir-provweb-docker,2024-08-29T09:37:39,,,2024-09-06,False,KO,2024-08-29T09:37:39,,0.0,0.0,False,OK,2024-08-29T09:37:39,,0.0,0.0,False,OK
sce_contconsumption_UIUtils,2024-09-03T12:20:01,,,2024-09-06,False,KO,2024-09-03T12:20:01,,0.0,0.0,False,OK,2024-09-03T12:20:01,,0.0,0.0,False,OK
sce_contconsumption_microFE_Shell,2024-08-29T10:20:29,,,2024-09-06,False,KO,2024-08-29T10:20:29,no,0.0,0.0,True,OK,2024-08-29T10:20:29,,0.0,0.0,False,OK
sce_contconsumption_micro_Revolving,2024-09-20T22:26:15.267,,,2024-09-27,False,KO,2024-09-20T22:26:15.267,,0.0,0.0,False,OK,2024-09-20T22:26:15.267,,0.0,0.0,False,OK
sce_contconsumption_micro_SMS,2024-09-19T12:12:32.757,,,2024-09-27,False,KO,2024-09-19T12:12:32.757,,0.0,0.0,False,OK,2024-09-19T12:12:32.757,,0.0,0.0,False,OK
sce_contconsumption_micro_digitalsign,2024-09-03T11:54:42,,,2024-09-06,False,KO,2024-09-03T11:54:42,no,0.0,0.0,True,OK,2024-09-03T11:54:42,,0.0,0.0,False,OK
sce_contconsumption_micro_documentation,2024-09-23T10:39:52.393,,,2024-09-27,False,KO,2024-09-23T10:39:52.393,,0.0,0.0,False,OK,2024-09-23T10:39:52.393,,0.0,0.0,False,OK
sce_contconsumption_micro_ine,2024-08-29T12:34:28,,,2024-09-06,False,KO,2024-08-29T12:34:28,no,0.0,0.0,True,OK,2024-08-29T12:34:28,,0.0,0.0,False,OK
sce_contconsumption_micro_logalty,2024-08-29T09:23:48,,,2024-09-06,False,KO,2024-08-29T09:23:48,no,0.0,0.0,True,OK,2024-08-29T09:23:48,,0.0,0.0,False,OK
sce_contconsumption_micro_loyalty,2024-09-20T22:04:06.967,,,2024-09-27,False,KO,2024-09-20T22:04:06.967,,0.0,0.0,False,OK,2024-09-20T22:04:06.967,,0.0,0.0,False,OK
sce_contconsumption_micro_mail,2024-09-20T21:33:03.45,,,2024-09-27,False,KO,2024-09-20T21:33:03.45,,0.0,0.0,False,OK,2024-09-20T21:33:03.45,,0.0,0.0,False,OK
sce_contconsumption_micro_ocr,2024-09-20T22:53:31.003,,,2024-09-27,False,KO,2024-09-20T22:53:31.003,,0.0,0.0,False,OK,2024-09-20T22:53:31.003,,0.0,0.0,False,OK
sce_contconsumption_micro_param,2024-09-20T22:53:48.197,,,2024-09-27,False,KO,2024-09-20T22:53:48.197,,0.0,0.0,False,OK,2024-09-20T22:53:48.197,,0.0,0.0,False,OK
sce_contconsumption_micro_rapidscore,2024-09-20T22:20:13.24,,,2024-09-27,False,KO,2024-09-20T22:20:13.24,,0.0,0.0,False,OK,2024-09-20T22:20:13.24,,0.0,0.0,False,OK
sce_contconsumption_microbe_card,2024-08-29T12:34:31,,,2024-09-06,False,KO,2024-08-29T12:34:31,no,0.0,0.0,True,OK,2024-08-29T12:34:31,,0.0,0.0,False,OK
sce_contconsumption_microbe_configuration,2024-09-23T12:42:05.217,,,2024-09-27,False,KO,2024-09-23T12:42:05.217,,0.0,0.0,False,OK,2024-09-23T12:42:05.217,,0.0,0.0,False,OK
sce_contconsumption_microbe_evalsavedreq,2024-09-11T08:14:47,,,2024-09-13,False,KO,2024-09-11T08:14:47,no,0.0,0.0,True,OK,2024-09-11T08:14:47,,0.0,0.0,False,OK
sce_contconsumption_microbe_hiring,2024-09-13T14:07:36.707,,,2024-09-20,False,KO,2024-09-13T14:07:36.707,no,0.0,0.0,True,OK,2024-09-13T14:07:36.707,,0.0,0.0,False,OK
sce_contconsumption_microbe_policy,2024-08-29T12:34:32,,,2024-09-06,False,KO,2024-08-29T12:34:32,no,0.0,0.0,True,OK,2024-08-29T12:34:32,,0.0,0.0,False,OK
sce_contconsumption_microbe_training,2024-09-13T14:07:34.43,,,2024-09-20,False,KO,2024-09-13T14:07:34.43,no,0.0,0.0,True,OK,2024-09-13T14:07:34.43,,0.0,0.0,False,OK
sce_contconsumption_microfe_addbeneficiarycard,2024-08-29T19:23:20,,,2024-09-06,False,KO,2024-08-29T19:23:20,,0.0,0.0,False,OK,2024-08-29T19:23:20,,0.0,0.0,False,OK
sce_contconsumption_microfe_collabor_search,2024-09-16T16:00:41.507,,,2024-09-20,False,KO,2024-09-16T16:00:41.507,no,0.0,0.0,True,OK,2024-09-16T16:00:41.507,,0.0,0.0,False,OK
sce_contconsumption_microfe_collaborprevinfor,2024-09-23T15:09:09.743,,,2024-09-27,False,KO,2024-09-23T15:09:09.743,no,0.0,0.0,True,OK,2024-09-23T15:09:09.743,,0.0,0.0,False,OK
sce_contconsumption_microfe_collaborrevolsimul,2024-09-23T15:09:54.85,,,2024-09-27,False,KO,2024-09-23T15:09:54.85,no,0.0,0.0,True,OK,2024-09-23T15:09:54.85,,0.0,0.0,False,OK
sce_contconsumption_microfe_collabortraining,2024-09-23T16:18:44.073,,,2024-09-27,False,KO,2024-09-23T16:18:44.073,no,0.0,0.0,True,OK,2024-09-23T16:18:44.073,,0.0,0.0,False,OK
sce_contconsumption_microfe_hybridcard,2024-08-29T10:27:02,True,SUCCESS,2024-09-06,True,SUCCESS,2024-08-29T10:27:02,,0.0,0.0,False,OK,2024-08-29T10:27:02,,0.0,0.0,False,OK
sce_contconsumption_microfe_hybridpolicy,2024-08-29T10:32:33,True,SUCCESS,2024-09-06,True,SUCCESS,2024-08-29T10:32:33,,0.0,0.0,False,OK,2024-08-29T10:32:33,,0.0,0.0,False,OK
sce_contconsumption_microfe_pointsalecard,2024-08-29T10:28:59,True,SUCCESS,2024-09-06,True,SUCCESS,2024-08-29T10:28:59,,0.0,0.0,False,OK,2024-08-29T10:28:59,,0.0,0.0,False,OK
sce_contconsumption_microfe_pointsalepolicy,2024-08-29T13:14:00,True,SUCCESS,2024-09-06,True,SUCCESS,2024-08-29T13:14:00,,0.0,0.0,False,OK,2024-08-29T13:14:00,,0.0,0.0,False,OK
scf-daas-ai-ac-aws-inference-001,2024-09-09T10:16:33,,,2024-09-13,False,KO,2024-09-09T10:16:33,yes,0.0,0.0,True,OK,2024-09-09T10:16:33,,0.0,0.0,False,OK
scf-daas-ai-ac-aws-modelling-001,2024-08-29T09:47:42,,,2024-09-06,False,KO,2024-08-29T09:47:42,no,0.0,0.0,True,OK,2024-08-29T09:47:42,,0.0,0.0,False,OK
scf-daas-ai-mlops-architecture-aws-lambda,2024-09-20T10:40:08.533,,,2024-09-27,False,KO,2024-09-20T10:40:08.533,,0.0,0.0,False,OK,2024-09-20T10:40:08.533,,0.0,0.0,False,OK
scf-daas-docker-image-r,2024-09-16T14:15:41.49,,,2024-09-20,False,KO,2024-09-16T14:15:41.49,no,0.0,0.0,True,OK,2024-09-16T14:15:41.49,,0.0,0.0,False,OK
scf-daas-docker-image-sklearn,2024-09-12T12:18:46.67,,,2024-09-20,False,KO,2024-09-12T12:18:46.67,no,0.0,0.0,True,OK,2024-09-12T12:18:46.67,,0.0,0.0,False,OK
scf-hed-aws-lambda,2024-09-10T14:31:57,,,2024-09-13,False,KO,2024-09-10T14:31:57,yes,0.0,0.0,True,OK,2024-09-10T14:31:57,,0.0,0.0,False,OK
scf-hed-aws-lambda-ger,2024-09-10T14:32:48,,,2024-09-13,False,KO,2024-09-10T14:32:48,yes,0.0,0.0,True,OK,2024-09-10T14:32:48,,0.0,0.0,False,OK
scf-ids-aws-venv,2024-09-16T11:50:13.437,,,2024-09-20,False,KO,2024-09-16T11:50:13.437,no,0.0,0.0,True,OK,2024-09-16T11:50:13.437,,0.0,0.0,False,OK
scfgs-edep-front-facade,2024-08-29T10:48:11,,,2024-09-06,False,KO,2024-08-29T10:48:11,yes,0.0,0.0,True,OK,2024-08-29T10:48:11,,0.0,0.0,False,OK
scfgs-edep-liquibase-auroradb,2024-08-30T10:38:27,,,2024-09-06,False,KO,2024-08-30T10:38:27,,0.0,0.0,False,OK,2024-08-30T10:38:27,,0.0,0.0,False,OK
scfgs-edep-micro-react,2024-08-29T08:33:42,,,2024-09-06,False,KO,2024-08-29T08:33:42,yes,0.0,0.0,True,OK,2024-08-29T08:33:42,,0.0,0.0,False,OK
scfgs-edep-relational-persistence,2024-08-29T09:18:41,,,2024-09-06,False,KO,2024-08-29T09:18:41,yes,0.0,0.0,True,OK,2024-08-29T09:18:41,,0.0,0.0,False,OK
scfgs-edep-s3-file-management,2024-08-29T11:51:33,,,2024-09-06,False,KO,2024-08-29T11:51:33,yes,0.0,0.0,True,OK,2024-08-29T11:51:33,,0.0,0.0,False,OK
scfgs-edep-sqs-collector,2024-08-29T12:40:12,,,2024-09-06,False,KO,2024-08-29T12:40:12,yes,0.0,0.0,True,OK,2024-08-29T12:40:12,,0.0,0.0,False,OK
scfpt-ml-stellantis-financing-facade,2024-09-17T14:08:22.083,,,2024-09-20,False,KO,2024-09-17T14:08:22.083,,0.0,0.0,False,OK,2024-09-17T14:08:22.083,,0.0,0.0,False,OK
scfpt-ml-stellantis-simulation-facade,2024-09-16T16:25:15.823,True,SUCCESS,2024-09-20,True,SUCCESS,2024-09-16T16:25:15.823,,0.0,0.0,False,OK,2024-09-16T16:25:15.823,,0.0,0.0,False,OK
scheduler-core,2024-09-06T11:17:21,,,2024-09-13,False,KO,2024-09-06T11:17:21,,0.0,0.0,False,OK,2024-09-06T11:17:21,,0.0,0.0,False,OK
scq-dataservices-western_hub_process_fic,2024-09-03T10:19:11,,,2024-09-06,False,KO,2024-09-03T10:19:11,,0.0,0.0,False,OK,2024-09-03T10:19:11,,0.0,0.0,False,OK
scq-gs-scf-gs-aws-dags-s3,2024-09-03T10:23:24,,,2024-09-06,False,KO,2024-09-03T10:23:24,no,0.0,0.0,True,OK,2024-09-03T10:23:24,,0.0,0.0,False,OK
scq-gs-scf-gs-aws-engine-emr,2024-09-03T12:02:33,,,2024-09-06,False,KO,2024-09-03T12:02:33,no,0.0,0.0,True,OK,2024-09-03T12:02:33,,0.0,0.0,False,OK
scq-gs-scf-gs-aws-lambda-python,2024-09-03T10:29:15,,,2024-09-06,False,KO,2024-09-03T10:29:15,no,0.0,0.0,True,OK,2024-09-03T10:29:15,,0.0,0.0,False,OK
scq-gs-scf-gs-aws-powerbi-ansible,2024-09-03T17:43:16,,,2024-09-06,False,KO,2024-09-03T17:43:16,,0.0,0.0,False,OK,2024-09-03T17:43:16,,0.0,0.0,False,OK
scq-hq-dataecosystem-captives-aws-dags-s3,2024-09-03T12:49:51,,,2024-09-06,False,KO,2024-09-03T12:49:51,yes,0.0,0.0,True,OK,2024-09-03T12:49:51,,0.0,0.0,False,OK
scq-hq-dataecosystem-global-environment-python,2024-09-05T11:33:05,,,2024-09-13,False,KO,2024-09-05T11:33:05,no,0.0,0.0,True,OK,2024-09-05T11:33:05,,0.0,0.0,False,OK
scq-hq-dataecosystem-scf-scf-hed-aws-lambda-python-esp-back,2024-08-29T13:45:17,,,2024-09-06,False,KO,2024-08-29T13:45:17,yes,0.0,0.0,True,OK,2024-08-29T13:45:17,,0.0,0.0,False,OK
scq-hq-dataecosystem-scf-scf-hed-aws-lambda-python-esp-back-out,2024-08-29T13:45:49,,,2024-09-06,False,KO,2024-08-29T13:45:49,yes,0.0,0.0,True,OK,2024-08-29T13:45:49,,0.0,0.0,False,OK
scq-hq-dataecosystem-scf-scf-hed-aws-lambda-python-esp-out,2024-09-17T09:53:32.573,,,2024-09-20,False,KO,2024-09-17T09:53:32.573,yes,0.0,0.0,True,OK,2024-09-17T09:53:32.573,,0.0,0.0,False,OK
scq-hq-dataecosystem-scf-scf-hed-aws-lambda-python-ger-back,2024-08-29T14:07:11,,,2024-09-06,False,KO,2024-08-29T14:07:11,yes,0.0,0.0,True,OK,2024-08-29T14:07:11,,0.0,0.0,False,OK
scq-hq-dataecosystem-scf-scf-hed-aws-lambda-python-ger-back-out,2024-08-29T14:07:46,,,2024-09-06,False,KO,2024-08-29T14:07:46,yes,0.0,0.0,True,OK,2024-08-29T14:07:46,,0.0,0.0,False,OK
scq-hq-dataecosystem-scf-scf-hed-aws-lambda-python-ger-out,2024-09-17T10:51:26.643,,,2024-09-20,False,KO,2024-09-17T10:51:26.643,yes,0.0,0.0,True,OK,2024-09-17T10:51:26.643,,0.0,0.0,False,OK
telekino-microsites,2024-09-23T16:07:23.37,,,2024-09-27,False,KO,2024-09-23T16:07:23.37,,0.0,0.0,False,OK,2024-09-23T16:07:23.37,,0.0,0.0,False,OK
telekino-webapp,2024-08-30T13:10:42,,,2024-09-06,False,KO,2024-08-30T13:10:42,no,0.0,0.0,True,OK,2024-08-30T13:10:42,,0.0,0.0,False,OK
tulipan,2024-08-29T08:34:46,,,2024-09-06,False,KO,2024-08-29T08:34:46,no,0.0,0.0,True,OK,2024-08-29T08:34:46,,0.0,0.0,False,OK
wabi-aws-dags,2024-09-24T15:57:02.843,,,2024-09-27,False,KO,2024-09-24T15:57:02.843,,0.0,0.0,False,OK,2024-09-24T15:57:02.843,,0.0,0.0,False,OK
wabi-aws-notebooks,2024-09-24T15:57:55.97,,,2024-09-27,False,KO,2024-09-24T15:57:55.97,,0.0,0.0,False,OK,2024-09-24T15:57:55.97,,0.0,0.0,False,OK
western_hub_acid,2024-09-05T17:25:34,True,SUCCESS,2024-09-13,True,SUCCESS,2024-09-05T17:25:34,,0.0,0.0,False,OK,2024-09-05T17:25:34,,0.0,0.0,False,OK
western_hub_coexistences,2024-09-10T08:50:44,,,2024-09-13,False,KO,2024-09-10T08:50:44,yes,0.0,0.0,True,OK,2024-09-10T08:50:44,,0.0,0.0,False,OK
western_hub_icaria,2024-09-03T10:58:31,,,2024-09-06,False,KO,2024-09-03T10:58:31,,0.0,0.0,False,OK,2024-09-03T10:58:31,,0.0,0.0,False,OK
western_hub_ingestion,2024-09-03T10:18:39,,,2024-09-06,False,KO,2024-09-03T10:18:39,,0.0,0.0,False,OK,2024-09-03T10:18:39,,0.0,0.0,False,OK
western_hub_ingestion_airflow,2024-09-03T10:32:26,,,2024-09-06,False,KO,2024-09-03T10:32:26,,0.0,0.0,False,OK,2024-09-03T10:32:26,,0.0,0.0,False,OK
western_hub_ingestion_airflow_requirements,2024-09-03T10:25:22,,,2024-09-06,False,KO,2024-09-03T10:25:22,,0.0,0.0,False,OK,2024-09-03T10:25:22,,0.0,0.0,False,OK
western_hub_ingestion_airflow_variables,2024-09-03T10:32:38,,,2024-09-06,False,KO,2024-09-03T10:32:38,,0.0,0.0,False,OK,2024-09-03T10:32:38,,0.0,0.0,False,OK
western_hub_ingestion_configurations,2024-09-03T10:36:28,,,2024-09-06,False,KO,2024-09-03T10:36:28,,0.0,0.0,False,OK,2024-09-03T10:36:28,,0.0,0.0,False,OK
western_hub_ingestion_oracle_tables,2024-09-03T10:18:54,,,2024-09-06,False,KO,2024-09-03T10:18:54,,0.0,0.0,False,OK,2024-09-03T10:18:54,,0.0,0.0,False,OK
western_hub_liquibase_aurora,2024-09-03T10:06:46,,,2024-09-06,False,KO,2024-09-03T10:06:46,,0.0,0.0,False,OK,2024-09-03T10:06:46,,0.0,0.0,False,OK
western_hub_liquibase_aurora_unr,2024-09-17T11:06:01.687,,,2024-09-20,False,KO,2024-09-17T11:06:01.687,,0.0,0.0,False,OK,2024-09-17T11:06:01.687,,0.0,0.0,False,OK
western_hub_process_cirbe,2024-08-29T15:16:06,,,2024-09-06,False,KO,2024-08-29T15:16:06,yes,0.0,0.0,True,OK,2024-08-29T15:16:06,,0.0,0.0,False,OK
western_hub_sas_contrlm,2024-09-03T10:10:09,,,2024-09-06,False,KO,2024-09-03T10:10:09,yes,0.0,0.0,True,OK,2024-09-03T10:10:09,,0.0,0.0,False,OK
western_hub_trans_ssii_inputs,2024-09-03T16:29:44,,,2024-09-06,False,KO,2024-09-03T16:29:44,yes,0.0,0.0,True,OK,2024-09-03T16:29:44,,0.0,0.0,False,OK
western_hub_upload_env_serverless,2024-09-03T10:25:51,,,2024-09-06,False,KO,2024-09-03T10:25:51,,0.0,0.0,False,OK,2024-09-03T10:25:51,,0.0,0.0,False,OK
westernhub-netherland-EKSConfig-Provenir-DEFarm,2024-09-09T08:43:17,,,2024-09-13,False,KO,2024-09-09T08:43:17,,0.0,0.0,False,OK,2024-09-09T08:43:17,,0.0,0.0,False,OK
westernhub-netherland-provenir-amq,2024-09-06T13:47:51,,,2024-09-13,False,KO,2024-09-06T13:47:51,,0.0,0.0,False,OK,2024-09-06T13:47:51,,0.0,0.0,False,OK
westernhub-netherland-provenir-engine,2024-09-09T09:15:05,,,2024-09-13,False,KO,2024-09-09T09:15:05,,0.0,0.0,False,OK,2024-09-09T09:15:05,,0.0,0.0,False,OK
westernhub-netherland-provenir-provweb,2024-09-09T09:15:20,,,2024-09-13,False,KO,2024-09-09T09:15:20,,0.0,0.0,False,OK,2024-09-09T09:15:20,,0.0,0.0,False,OK
wh-dms-batch-bulkimport,2024-09-10T12:06:02,,,2024-09-13,False,KO,2024-09-10T12:06:02,no,0.0,0.0,True,OK,2024-09-10T12:06:02,,0.0,0.0,False,OK
wh_ingestion_staging_aggregate,2024-09-03T10:05:24,,,2024-09-06,False,KO,2024-09-03T10:05:24,,0.0,0.0,False,OK,2024-09-03T10:05:24,,0.0,0.0,False,OK
wh_ingestion_staging_to_common,2024-09-19T10:36:38.343,,,2024-09-27,False,KO,2024-09-19T10:36:38.343,yes,0.0,0.0,True,OK,2024-09-19T10:36:38.343,,0.0,0.0,False,OK
wh_upload_environment_emr_serverless-python,2024-09-03T10:25:38,,,2024-09-06,False,KO,2024-09-03T10:25:38,,0.0,0.0,False,OK,2024-09-03T10:25:38,,0.0,0.0,False,OK
